二级类目,三级类目,最小类,排名,名称,价格,上架日期,链接,卖家
Art & Craft Supplies,Adhesives,Hot Glue Sticks,0,sourcing map Mini Hot Glue Sticks for Glue Gun 11mm x 200mm Dark Green 12pcs,61.83,2024/5/29,https://www.amazon.ae/sourcing-map-Sticks-200mm-Green/dp/B0D3XGFR98/ref=zg_bs_g_12356066031_d_sccl_20/260-3613268-5193318?psc=1,Espejismo
"Calendars, Planners & Personal Organizers",Address Books,Wall Planners,30333,"Perfect PLANNER company Wall Calendar 2024-2025. Month to View, July 24 to Dec 25 (18 Month) Family, Couples & Personal Calendar Organiser. 288 Sticker Pack. Compact A4 Landscape. .",65.21,2024/8/3,https://www.amazon.ae/Perfect-PLANNER-company-2024-2025-Organiser/dp/B0D7Q4LLJ9/ref=zg_bs_g_28058455031_d_sccl_13/257-5215774-8868843?psc=1,Espejismo
"Calendars, Planners & Personal Organizers",Address Books,Wall Planners,68969,"Hambli Academic Wall Planner 2024/2025 – Mid Year Wall Planner 2024-2025 - Teacher Planner 2024-2025 - 18 Month Office, University, School, Academic Calendar 2024/25 – Folded Columns Edition",61.88,2024/8/19,https://www.amazon.ae/Hambli-Academic-Wall-Planner-2024/dp/B0BWS4TD33/ref=zg_bs_g_28058455031_d_sccl_42/257-5215774-8868843?psc=1,Himalaya Shopping
"Calendars, Planners & Personal Organizers",Address Books,"Planner Refills, Covers & Accessories",10737,"iftnotea 2025 A5 Weekly & Monthly Planner Binder Refill Insert - 14.8 x 21cm, 100GSM Paper, Monday Started, 6 Hole Punched for Refillable A5 Binder with Calendar, Contact Pages and Notes",57.29,2024/6/12,https://www.amazon.ae/iftnotea-Weekly-Monthly-Planner-Binder/dp/B0D66S68VH/ref=zg_bs_g_28241491031_d_sccl_18/261-6912474-4941722?psc=1,DesertcartAE
"Calendars, Planners & Personal Organizers",Address Books,Wall Calendars,8830,"Deepton Wall Calendar 2024/25 UK, 2025 Calendar Family Planner A3, 18 Month 2024 Calendar Month to View, Family Calendar 2024 2025 Calender from July 2024 - Dec.2025 for Family Kitchen Home - 12 Theme",62.18,2024/5/19,https://www.amazon.ae/Deepton-Calendar-Family-Planner-Calender/dp/B0D128PTG5/ref=zg_bs_g_15172583031_d_sccl_31/258-0435509-3299819?psc=1,Espejismo
"Calendars, Planners & Personal Organizers",Address Books,Wall Calendars,14319,"Busy B 2025 Family Wall Calendar with Weekly View for 5 Members – Navy and Gold A4 Planner with Meal Plans, Shopping Lists, Stickers & Storage Pocket - Family Calendar for Home Organisation",70.04,2024/8/19,https://www.amazon.ae/Busy-Family-Calendar-Weekly-Members/dp/B0DC74Z2BK/ref=zg_bs_g_15172583031_d_sccl_26/258-0435509-3299819?psc=1,Espejismo
Envelopes & Mailing Supplies,Envelopes,Greeting Card & Invitation Envelopes,3350,4aboxes ltd C5 Coloured Envelopes for A5 Greeting Cards Wedding Invitations & Crafts (162x229mm) Pack of 26 (Black Peel & Seal),88.11,2024/8/11,https://www.amazon.ae/4aboxes-ltd-Envelopes-Invitations-162x229mm/dp/B0BFZSCSKM/ref=zg_bs_g_49981079031_d_sccl_14/257-6497567-3878604?psc=1,Espejismo
Envelopes & Mailing Supplies,Envelopes,Catalog Envelopes,37029,iSOUL 20Pcs A5 Envelopes 229mm x 162mm A5 C5 Manilla Hard Board Backed Envelopes Do Not Bend Envelope,54.91,2024/9/16,https://www.amazon.ae/iSOUL-Envelopes-Manilla-Backed-Envelope/dp/B08738TVLQ/ref=zg_bs_g_49981081031_d_sccl_4/262-8703973-3978536?psc=1,Espejismo
"Calendars, Planners & Personal Organizers",Appointment Books & Planners,Wall Planners,30389,"Perfect PLANNER company Wall Calendar 2024-2025. Month to View, July 24 to Dec 25 (18 Month) Family, Couples & Personal Calendar Organiser. 288 Sticker Pack. Compact A4 Landscape. .",65.21,2024/8/3,https://www.amazon.ae/Perfect-PLANNER-company-2024-2025-Organiser/dp/B0D7Q4LLJ9/ref=zg_bs_g_28058455031_d_sccl_13/260-8701545-2191532?psc=1,Espejismo
"Calendars, Planners & Personal Organizers",Appointment Books & Planners,Wall Planners,69052,"Hambli Academic Wall Planner 2024/2025 – Mid Year Wall Planner 2024-2025 - Teacher Planner 2024-2025 - 18 Month Office, University, School, Academic Calendar 2024/25 – Folded Columns Edition",61.88,2024/8/19,https://www.amazon.ae/Hambli-Academic-Wall-Planner-2024/dp/B0BWS4TD33/ref=zg_bs_g_28058455031_d_sccl_42/260-8701545-2191532?psc=1,Himalaya Shopping
"Calendars, Planners & Personal Organizers",Appointment Books & Planners,Desktop Calendars & Supplies,24115,Grupo Erik Calendar 2025 Desk Calendar Botanical Flowers Calendar 2025 Family Planner Desk Calendar 2025 to Stand Up 20 x 17 cm Annual Calendar 2025,52.71,2024/9/5,https://www.amazon.ae/Grupo-Erik-Calendar-Botanical-Flowers/dp/B0D9K4PPVR/ref=zg_bs_g_15172581031_d_sccl_28/257-9115182-9965419?psc=1,Espejismo
Envelopes & Mailing Supplies,Letter Openers,Mailers,5649,"Premium Wardrobe Moving Boxes with Hanging Bars: Dimensions 63 x 51 x 120 cm (24"" x 20"" x 47"" inches). Perfect for transporting hanging cloths. Ideal for relocating residences or apartments [3 packs]",169.99,2024/5/10,https://www.amazon.ae/Premium-Wardrobe-Moving-Boxes-Hanging/dp/B0D3VCLP7B/ref=zg_bs_g_15172587031_d_sccl_34/261-0990580-8056367?psc=1,Tracker Store UAE
Envelopes & Mailing Supplies,Letter Openers,Mailers,19746,"10 BANKERS BOX Strong Moving Boxes, 43l Cardboard Boxes, Packing Boxes for Moving House with Handles, 51cm × 29cm × 29cm (Pack of 10). Cow Print",240.65,2024/5/18,https://www.amazon.ae/BANKERS-Strong-Cardboard-Packing-Handles/dp/B0CZ7FYM17/ref=zg_bs_g_15172587031_d_sccl_100/261-0990580-8056367?psc=1,DesertcartAE
Art & Craft Supplies,Fabric Painting & Dyeing,Dyes,11498,"simplicol Expert Fabric Dyeing + Fixer Colour: Machine or Manual Colouring: Dye, Colour and Restore Fabrics and Clothes, Blue",160.23,2024/5/2,https://www.amazon.ae/simplicol-Expert-Fabric-Dyeing-Colour/dp/B07582B6KG/ref=zg_bs_g_15193924031_d_sccl_37/259-7448914-3138535?psc=1,DesertcartAE
Envelopes & Mailing Supplies,Mail Bags,Envelopes,3350,4aboxes ltd C5 Coloured Envelopes for A5 Greeting Cards Wedding Invitations & Crafts (162x229mm) Pack of 26 (Black Peel & Seal),88.11,2024/8/11,https://www.amazon.ae/4aboxes-ltd-Envelopes-Invitations-162x229mm/dp/B0BFZSCSKM/ref=zg_bs_g_15172584031_d_sccl_26/261-3972917-4065845?psc=1,Espejismo
Envelopes & Mailing Supplies,Mail Bags,Mailers,5649,"Premium Wardrobe Moving Boxes with Hanging Bars: Dimensions 63 x 51 x 120 cm (24"" x 20"" x 47"" inches). Perfect for transporting hanging cloths. Ideal for relocating residences or apartments [3 packs]",169.99,2024/5/10,https://www.amazon.ae/Premium-Wardrobe-Moving-Boxes-Hanging/dp/B0D3VCLP7B/ref=zg_bs_g_15172587031_d_sccl_34/261-8004345-0439026?psc=1,Tracker Store UAE
Envelopes & Mailing Supplies,Mail Bags,Mailers,19746,"10 BANKERS BOX Strong Moving Boxes, 43l Cardboard Boxes, Packing Boxes for Moving House with Handles, 51cm × 29cm × 29cm (Pack of 10). Cow Print",240.65,2024/5/18,https://www.amazon.ae/BANKERS-Strong-Cardboard-Packing-Handles/dp/B0CZ7FYM17/ref=zg_bs_g_15172587031_d_sccl_100/261-8004345-0439026?psc=1,DesertcartAE
Envelopes & Mailing Supplies,Mail Bags,Letter Trays & Stacking Supports,19936,"GAWERK 5 Tier Letter Tray Paper Organizer, Mesh Deak File Organizer with Handle for Office School, Pink",126.81,2024/7/9,https://www.amazon.ae/GAWERK-Letter-Organizer-Handle-Office/dp/B0D4975GJ8/ref=zg_bs_g_15172681031_d_sccl_85/261-8882476-0792826?psc=1,H'TEK STORE
"Calendars, Planners & Personal Organizers",Goshuin-cho Notebooks,Desktop Calendars & Supplies,24115,Grupo Erik Calendar 2025 Desk Calendar Botanical Flowers Calendar 2025 Family Planner Desk Calendar 2025 to Stand Up 20 x 17 cm Annual Calendar 2025,52.71,2024/9/5,https://www.amazon.ae/Grupo-Erik-Calendar-Botanical-Flowers/dp/B0D9K4PPVR/ref=zg_bs_g_15172581031_d_sccl_28/262-5453341-3339833?psc=1,Espejismo
"Calendars, Planners & Personal Organizers",Goshuin-cho Notebooks,Wall Calendars,8833,"Deepton Wall Calendar 2024/25 UK, 2025 Calendar Family Planner A3, 18 Month 2024 Calendar Month to View, Family Calendar 2024 2025 Calender from July 2024 - Dec.2025 for Family Kitchen Home - 12 Theme",62.18,2024/5/19,https://www.amazon.ae/Deepton-Calendar-Family-Planner-Calender/dp/B0D128PTG5/ref=zg_bs_g_15172583031_d_sccl_31/260-7951560-2495428?psc=1,Espejismo
"Calendars, Planners & Personal Organizers",Goshuin-cho Notebooks,Wall Calendars,14451,"Busy B 2025 Family Wall Calendar with Weekly View for 5 Members – Navy and Gold A4 Planner with Meal Plans, Shopping Lists, Stickers & Storage Pocket - Family Calendar for Home Organisation",70.04,2024/8/19,https://www.amazon.ae/Busy-Family-Calendar-Weekly-Members/dp/B0DC74Z2BK/ref=zg_bs_g_15172583031_d_sccl_26/260-7951560-2495428?psc=1,Espejismo
Art & Craft Supplies,Glitter,Fabric Painting & Dyeing,11498,"simplicol Expert Fabric Dyeing + Fixer Colour: Machine or Manual Colouring: Dye, Colour and Restore Fabrics and Clothes, Blue",160.23,2024/5/2,https://www.amazon.ae/simplicol-Expert-Fabric-Dyeing-Colour/dp/B07582B6KG/ref=zg_bs_g_15193848031_d_sccl_10/261-8250263-2228353?psc=1,DesertcartAE
Envelopes & Mailing Supplies,Mail Sorters,Envelopes,3350,4aboxes ltd C5 Coloured Envelopes for A5 Greeting Cards Wedding Invitations & Crafts (162x229mm) Pack of 26 (Black Peel & Seal),88.11,2024/8/11,https://www.amazon.ae/4aboxes-ltd-Envelopes-Invitations-162x229mm/dp/B0BFZSCSKM/ref=zg_bs_g_15172584031_d_sccl_27/258-7172972-7335003?psc=1,Espejismo
"Calendars, Planners & Personal Organizers",Household Account Books,"Planner Refills, Covers & Accessories",10793,"iftnotea 2025 A5 Weekly & Monthly Planner Binder Refill Insert - 14.8 x 21cm, 100GSM Paper, Monday Started, 6 Hole Punched for Refillable A5 Binder with Calendar, Contact Pages and Notes",57.29,2024/6/12,https://www.amazon.ae/iftnotea-Weekly-Monthly-Planner-Binder/dp/B0D66S68VH/ref=zg_bs_g_28241491031_d_sccl_18/258-2754311-3835658?psc=1,DesertcartAE
"Calendars, Planners & Personal Organizers",Household Account Books,Personal Organizers,4942,Collins Essential 2025 Business Diary - A4 Day to a Page Planner with Leathergrain Hardback Cover - Green - ESSA41.52-25,55.47,2024/5/10,https://www.amazon.ae/Collins-Essential-2025-Business-Diary/dp/B0D37VLZPP/ref=zg_bs_g_15172582031_d_sccl_16/260-5113171-0622725?psc=1,Espejismo
"Calendars, Planners & Personal Organizers",Personal Organizers,Desktop Calendars & Supplies,24142,Grupo Erik Calendar 2025 Desk Calendar Botanical Flowers Calendar 2025 Family Planner Desk Calendar 2025 to Stand Up 20 x 17 cm Annual Calendar 2025,52.71,2024/9/5,https://www.amazon.ae/Grupo-Erik-Calendar-Botanical-Flowers/dp/B0D9K4PPVR/ref=zg_bs_g_15172581031_d_sccl_28/257-1260388-2298511?psc=1,Espejismo
"Calendars, Planners & Personal Organizers",Personal Organizers,"Planner Refills, Covers & Accessories",10793,"iftnotea 2025 A5 Weekly & Monthly Planner Binder Refill Insert - 14.8 x 21cm, 100GSM Paper, Monday Started, 6 Hole Punched for Refillable A5 Binder with Calendar, Contact Pages and Notes",57.29,2024/6/12,https://www.amazon.ae/iftnotea-Weekly-Monthly-Planner-Binder/dp/B0D66S68VH/ref=zg_bs_g_28241491031_d_sccl_18/257-6781919-0256769?psc=1,DesertcartAE
"Calendars, Planners & Personal Organizers",Personal Organizers,Appointment Books & Planners,9031,"Academic Planner 2024-2025, Monthly and Weekly Calendar Planner (July 2024 - June 2025), Hardcover Teacher School Student Planner with Tabs, Ideal for School Office Supplies, A5 (6.3"" x 8.5"") - Black",80.0,2024/6/10,https://www.amazon.ae/Academic-Planner-2024-2025-Monthly-Calendar/dp/B0CZ99547R/ref=zg_bs_g_28241492031_d_sccl_83/261-8380362-5588013?psc=1,DesertcartAE
"Calendars, Planners & Personal Organizers",Personal Organizers,Appointment Books & Planners,10631,"Makapoo 2024-2025 Planner - Planner 2024-2025 from July 2024 to June 2025, 8"" x 10"", Weekly and Monthly Planner 2024-2025 with Marked Tabs - Blue",104.61,2024/5/20,https://www.amazon.ae/Makapoo-2024-2025-Planner-Weekly-Monthly/dp/B0CLLB8LM3/ref=zg_bs_g_28241492031_d_sccl_97/261-8380362-5588013?psc=1,未获取到卖家信息
"Calendars, Planners & Personal Organizers","Planner Refills, Covers & Accessories",Planner Refills,10793,"iftnotea 2025 A5 Weekly & Monthly Planner Binder Refill Insert - 14.8 x 21cm, 100GSM Paper, Monday Started, 6 Hole Punched for Refillable A5 Binder with Calendar, Contact Pages and Notes",57.29,2024/6/12,https://www.amazon.ae/iftnotea-Weekly-Monthly-Planner-Binder/dp/B0D66S68VH/ref=zg_bs_g_28241497031_d_sccl_17/262-2205085-9557644?psc=1,DesertcartAE
"Calendars, Planners & Personal Organizers",Planning Boards,Desktop Calendars & Supplies,24142,Grupo Erik Calendar 2025 Desk Calendar Botanical Flowers Calendar 2025 Family Planner Desk Calendar 2025 to Stand Up 20 x 17 cm Annual Calendar 2025,52.71,2024/9/5,https://www.amazon.ae/Grupo-Erik-Calendar-Botanical-Flowers/dp/B0D9K4PPVR/ref=zg_bs_g_15172581031_d_sccl_28/262-5567689-5747865?psc=1,Espejismo
"Calendars, Planners & Personal Organizers",Planning Boards,Appointment Books & Planners,9031,"Academic Planner 2024-2025, Monthly and Weekly Calendar Planner (July 2024 - June 2025), Hardcover Teacher School Student Planner with Tabs, Ideal for School Office Supplies, A5 (6.3"" x 8.5"") - Black",80.0,2024/6/10,https://www.amazon.ae/Academic-Planner-2024-2025-Monthly-Calendar/dp/B0CZ99547R/ref=zg_bs_g_28241492031_d_sccl_83/257-5638595-9963355?psc=1,DesertcartAE
"Calendars, Planners & Personal Organizers",Planning Boards,Appointment Books & Planners,10631,"Makapoo 2024-2025 Planner - Planner 2024-2025 from July 2024 to June 2025, 8"" x 10"", Weekly and Monthly Planner 2024-2025 with Marked Tabs - Blue",104.61,2024/5/20,https://www.amazon.ae/Makapoo-2024-2025-Planner-Weekly-Monthly/dp/B0CLLB8LM3/ref=zg_bs_g_28241492031_d_sccl_97/257-5638595-9963355?psc=1,未获取到卖家信息
"Calendars, Planners & Personal Organizers",Planning Boards,Personal Organizers,4942,Collins Essential 2025 Business Diary - A4 Day to a Page Planner with Leathergrain Hardback Cover - Green - ESSA41.52-25,55.47,2024/5/10,https://www.amazon.ae/Collins-Essential-2025-Business-Diary/dp/B0D37VLZPP/ref=zg_bs_g_15172582031_d_sccl_16/257-9016157-8863935?psc=1,Espejismo
